Filght no. full,Planefinder URL,Seats,Seats as num
FR3105,https://planefinder.net/data/flight/FR3105,#REF!,#REF!
FR2918,https://planefinder.net/data/flight/FR2918,Seats 189,189
FR6348,https://planefinder.net/data/flight/FR6348,Seats 189,189
FR245,https://planefinder.net/data/flight/FR245,Seats 189,189
FR8141,https://planefinder.net/data/flight/FR8141,Seats 189,189
FR2083,https://planefinder.net/data/flight/FR2083,#REF!,#REF!
FR4863,https://planefinder.net/data/flight/FR4863,#REF!,
FR4341,https://planefinder.net/data/flight/FR4341,#REF!,
FR1389,https://planefinder.net/data/flight/FR1389,#REF!,
FR8496,https://planefinder.net/data/flight/FR8496,#REF!,
FR509,https://planefinder.net/data/flight/FR509,#REF!,
FR2917,https://planefinder.net/data/flight/FR2917,Seats 189,
FR4862,https://planefinder.net/data/flight/FR4862,Seats 189,
FR201,https://planefinder.net/data/flight/FR201,Seats 189,
FR1388,https://planefinder.net/data/flight/FR1388,#REF!,
FR200,https://planefinder.net/data/flight/FR200,#REF!,
FR22,https://planefinder.net/data/flight/FR22,#REF!,
FR554,https://planefinder.net/data/flight/FR554,#REF!,
FR3104,https://planefinder.net/data/flight/FR3104,#REF!,
FR508,https://planefinder.net/data/flight/FR508,#REF!,
FR7473,https://planefinder.net/data/flight/FR7473,#REF!,
FR8140,https://planefinder.net/data/flight/FR8140,#REF!,
FR2094,https://planefinder.net/data/flight/FR2094,#REF!,
FR124,https://planefinder.net/data/flight/FR124,#REF!,
FR8592,https://planefinder.net/data/flight/FR8592,#REF!,
FR805,https://planefinder.net/data/flight/FR805,#REF!,
FR8445,https://planefinder.net/data/flight/FR8445,#REF!,
FR2295,https://planefinder.net/data/flight/FR2295,#REF!,
FR2352,https://planefinder.net/data/flight/FR2352,#REF!,
FR1788,https://planefinder.net/data/flight/FR1788,,
FR32,https://planefinder.net/data/flight/FR32,,
FR7973,https://planefinder.net/data/flight/FR7973,,
FR2436,https://planefinder.net/data/flight/FR2436,,
FR7117,https://planefinder.net/data/flight/FR7117,,
FR281,https://planefinder.net/data/flight/FR281,,
FR5994,https://planefinder.net/data/flight/FR5994,,
FR5836,https://planefinder.net/data/flight/FR5836,,
FR5993,https://planefinder.net/data/flight/FR5993,,
FR2082,https://planefinder.net/data/flight/FR2082,,
FR3021,https://planefinder.net/data/flight/FR3021,,
FR555,https://planefinder.net/data/flight/FR555,,
FR5835,https://planefinder.net/data/flight/FR5835,,
FR9106,https://planefinder.net/data/flight/FR9106,,
FR9107,https://planefinder.net/data/flight/FR9107,,
FR2672,https://planefinder.net/data/flight/FR2672,,
FR2642,https://planefinder.net/data/flight/FR2642,,
FR8868,https://planefinder.net/data/flight/FR8868,,
FR372,https://planefinder.net/data/flight/FR372,,
FR2372,https://planefinder.net/data/flight/FR2372,,
FR1905,https://planefinder.net/data/flight/FR1905,,
FR2466,https://planefinder.net/data/flight/FR2466,,
FR5992,https://planefinder.net/data/flight/FR5992,,
FR5991,https://planefinder.net/data/flight/FR5991,,
FR5462,https://planefinder.net/data/flight/FR5462,,
FR5463,https://planefinder.net/data/flight/FR5463,,
FR5317,https://planefinder.net/data/flight/FR5317,,
FR5318,https://planefinder.net/data/flight/FR5318,,
FR2361,https://planefinder.net/data/flight/FR2361,,
FR4111,https://planefinder.net/data/flight/FR4111,,
FR5505,https://planefinder.net/data/flight/FR5505,,
FR5506,https://planefinder.net/data/flight/FR5506,,
FR5831,https://planefinder.net/data/flight/FR5831,,
FR5832,https://planefinder.net/data/flight/FR5832,,
FR5531,https://planefinder.net/data/flight/FR5531,,
FR5532,https://planefinder.net/data/flight/FR5532,,
FR8556,https://planefinder.net/data/flight/FR8556,,
FR8557,https://planefinder.net/data/flight/FR8557,,
FR5774,https://planefinder.net/data/flight/FR5774,,
FR5773,https://planefinder.net/data/flight/FR5773,,
FR1901,https://planefinder.net/data/flight/FR1901,,
FR1902,https://planefinder.net/data/flight/FR1902,,
FR6374,https://planefinder.net/data/flight/FR6374,,
FR6375,https://planefinder.net/data/flight/FR6375,,
FR9111,https://planefinder.net/data/flight/FR9111,,
FR9112,https://planefinder.net/data/flight/FR9112,,
FR6881,https://planefinder.net/data/flight/FR6881,,
FR6882,https://planefinder.net/data/flight/FR6882,,
FR9106,https://planefinder.net/data/flight/FR9106,,
FR9107,https://planefinder.net/data/flight/FR9107,,
FR2093,https://planefinder.net/data/flight/FR2093,,
FR3734,https://planefinder.net/data/flight/FR3734,,
FR3733,https://planefinder.net/data/flight/FR3733,,
FR7458,https://planefinder.net/data/flight/FR7458,,
FR7458,https://planefinder.net/data/flight/FR7458,,
FR9045,https://planefinder.net/data/flight/FR9045,,
FR8495,https://planefinder.net/data/flight/FR8495,,
FR5192,https://planefinder.net/data/flight/FR5192,,
FR2105,https://planefinder.net/data/flight/FR2105,,
FR9428,https://planefinder.net/data/flight/FR9428,,
FR506,https://planefinder.net/data/flight/FR506,,
FR7000,https://planefinder.net/data/flight/FR7000,,
FR4891,https://planefinder.net/data/flight/FR4891,,
FR7060,https://planefinder.net/data/flight/FR7060,,
FR1885,https://planefinder.net/data/flight/FR1885,,
FR2932,https://planefinder.net/data/flight/FR2932,,
FR5993,https://planefinder.net/data/flight/FR5993,,
FR2528,https://planefinder.net/data/flight/FR2528,,
FR8344,https://planefinder.net/data/flight/FR8344,,
FR4586,https://planefinder.net/data/flight/FR4586,,
FR8542,https://planefinder.net/data/flight/FR8542,,
FR2283,https://planefinder.net/data/flight/FR2283,,
FR2672,https://planefinder.net/data/flight/FR2672,,
FR3717,https://planefinder.net/data/flight/FR3717,,
FR9044,https://planefinder.net/data/flight/FR9044,,
FR8496,https://planefinder.net/data/flight/FR8496,,
FR5193,https://planefinder.net/data/flight/FR5193,,
FR2106,https://planefinder.net/data/flight/FR2106,,
FR9429,https://planefinder.net/data/flight/FR9429,,
FR507,https://planefinder.net/data/flight/FR507,,
FR7010,https://planefinder.net/data/flight/FR7010,,
FR4892,https://planefinder.net/data/flight/FR4892,,
FR7070,https://planefinder.net/data/flight/FR7070,,
FR1884,https://planefinder.net/data/flight/FR1884,,
FR2931,https://planefinder.net/data/flight/FR2931,,
FR5994,https://planefinder.net/data/flight/FR5994,,
FR2529,https://planefinder.net/data/flight/FR2529,,
FR8343,https://planefinder.net/data/flight/FR8343,,
FR4587,https://planefinder.net/data/flight/FR4587,,
FR8543,https://planefinder.net/data/flight/FR8543,,
FR2284,https://planefinder.net/data/flight/FR2284,,
FR2673,https://planefinder.net/data/flight/FR2673,,
FR3718,https://planefinder.net/data/flight/FR3718,,
FR6341,https://planefinder.net/data/flight/FR6341,,
FR9045,https://planefinder.net/data/flight/FR9045,,
FR1135,https://planefinder.net/data/flight/FR1135,,
FR8495,https://planefinder.net/data/flight/FR8495,,
FR4113,https://planefinder.net/data/flight/FR4113,,
FR4197,https://planefinder.net/data/flight/FR4197,,
FR201,https://planefinder.net/data/flight/FR201,,
FR6316,https://planefinder.net/data/flight/FR6316,,
FR26,https://planefinder.net/data/flight/FR26,,
FR9428,https://planefinder.net/data/flight/FR9428,,
FR211,https://planefinder.net/data/flight/FR211,,
FR7000,https://planefinder.net/data/flight/FR7000,,
FR4891,https://planefinder.net/data/flight/FR4891,,
FR7060,https://planefinder.net/data/flight/FR7060,,
FR1885,https://planefinder.net/data/flight/FR1885,,
FR5993,https://planefinder.net/data/flight/FR5993,,
FR5317,https://planefinder.net/data/flight/FR5317,,
FR8344,https://planefinder.net/data/flight/FR8344,,
FR7474,https://planefinder.net/data/flight/FR7474,,
FR2672,https://planefinder.net/data/flight/FR2672,,
FR972,https://planefinder.net/data/flight/FR972,,
FR1374,https://planefinder.net/data/flight/FR1374,,
FR6342,https://planefinder.net/data/flight/FR6342,,
FR9044,https://planefinder.net/data/flight/FR9044,,
FR1134,https://planefinder.net/data/flight/FR1134,,
FR8496,https://planefinder.net/data/flight/FR8496,,
FR4114,https://planefinder.net/data/flight/FR4114,,
FR4198,https://planefinder.net/data/flight/FR4198,,
FR200,https://planefinder.net/data/flight/FR200,,
FR6315,https://planefinder.net/data/flight/FR6315,,
FR29,https://planefinder.net/data/flight/FR29,,
FR9429,https://planefinder.net/data/flight/FR9429,,
FR212,https://planefinder.net/data/flight/FR212,,
FR7010,https://planefinder.net/data/flight/FR7010,,
FR4892,https://planefinder.net/data/flight/FR4892,,
FR7070,https://planefinder.net/data/flight/FR7070,,
FR1884,https://planefinder.net/data/flight/FR1884,,
FR5994,https://planefinder.net/data/flight/FR5994,,
FR5318,https://planefinder.net/data/flight/FR5318,,
FR8343,https://planefinder.net/data/flight/FR8343,,
FR7475,https://planefinder.net/data/flight/FR7475,,
FR2673,https://planefinder.net/data/flight/FR2673,,
FR973,https://planefinder.net/data/flight/FR973,,
FR1375,https://planefinder.net/data/flight/FR1375,,
FR6341,https://planefinder.net/data/flight/FR6341,,
FR9045,https://planefinder.net/data/flight/FR9045,,
FR9162,https://planefinder.net/data/flight/FR9162,,
FR8495,https://planefinder.net/data/flight/FR8495,,
FR2990,https://planefinder.net/data/flight/FR2990,,
FR4199,https://planefinder.net/data/flight/FR4199,,
FR1055,https://planefinder.net/data/flight/FR1055,,
FR6055,https://planefinder.net/data/flight/FR6055,,
FR26,https://planefinder.net/data/flight/FR26,,
FR46,https://planefinder.net/data/flight/FR46,,
FR3978,https://planefinder.net/data/flight/FR3978,,
FR7000,https://planefinder.net/data/flight/FR7000,,
FR4891,https://planefinder.net/data/flight/FR4891,,
FR7060,https://planefinder.net/data/flight/FR7060,,
FR1885,https://planefinder.net/data/flight/FR1885,,
FR2096,https://planefinder.net/data/flight/FR2096,,
FR5993,https://planefinder.net/data/flight/FR5993,,
FR5317,https://planefinder.net/data/flight/FR5317,,
FR9135,https://planefinder.net/data/flight/FR9135,,
FR8348,https://planefinder.net/data/flight/FR8348,,
FR8542,https://planefinder.net/data/flight/FR8542,,
FR2672,https://planefinder.net/data/flight/FR2672,,
FR9967,https://planefinder.net/data/flight/FR9967,,
FR5062,https://planefinder.net/data/flight/FR5062,,
FR6342,https://planefinder.net/data/flight/FR6342,,
FR9044,https://planefinder.net/data/flight/FR9044,,
FR9163,https://planefinder.net/data/flight/FR9163,,
FR8496,https://planefinder.net/data/flight/FR8496,,
FR2989,https://planefinder.net/data/flight/FR2989,,
FR4194,https://planefinder.net/data/flight/FR4194,,
FR1056,https://planefinder.net/data/flight/FR1056,,
FR6056,https://planefinder.net/data/flight/FR6056,,
FR29,https://planefinder.net/data/flight/FR29,,
FR47,https://planefinder.net/data/flight/FR47,,
FR3979,https://planefinder.net/data/flight/FR3979,,
FR7010,https://planefinder.net/data/flight/FR7010,,
FR4892,https://planefinder.net/data/flight/FR4892,,
FR7070,https://planefinder.net/data/flight/FR7070,,
FR1884,https://planefinder.net/data/flight/FR1884,,
FR2095,https://planefinder.net/data/flight/FR2095,,
FR5994,https://planefinder.net/data/flight/FR5994,,
FR5318,https://planefinder.net/data/flight/FR5318,,
FR9134,https://planefinder.net/data/flight/FR9134,,
FR8347,https://planefinder.net/data/flight/FR8347,,
FR8543,https://planefinder.net/data/flight/FR8543,,
FR2673,https://planefinder.net/data/flight/FR2673,,
FR9968,https://planefinder.net/data/flight/FR9968,,
FR5063,https://planefinder.net/data/flight/FR5063,,
FR6341,https://planefinder.net/data/flight/FR6341,,
FR9045,https://planefinder.net/data/flight/FR9045,,
FR1135,https://planefinder.net/data/flight/FR1135,,
FR8885,https://planefinder.net/data/flight/FR8885,,
FR7951,https://planefinder.net/data/flight/FR7951,,
FR3772,https://planefinder.net/data/flight/FR3772,,
FR3745,https://planefinder.net/data/flight/FR3745,,
FR1057,https://planefinder.net/data/flight/FR1057,,
FR7156,https://planefinder.net/data/flight/FR7156,,
FR202,https://planefinder.net/data/flight/FR202,,
FR1452,https://planefinder.net/data/flight/FR1452,,
FR7000,https://planefinder.net/data/flight/FR7000,,
FR4891,https://planefinder.net/data/flight/FR4891,,
FR7060,https://planefinder.net/data/flight/FR7060,,
FR1885,https://planefinder.net/data/flight/FR1885,,
FR2096,https://planefinder.net/data/flight/FR2096,,
FR6066,https://planefinder.net/data/flight/FR6066,,
FR2017,https://planefinder.net/data/flight/FR2017,,
FR5995,https://planefinder.net/data/flight/FR5995,,
FR5484,https://planefinder.net/data/flight/FR5484,,
FR8344,https://planefinder.net/data/flight/FR8344,,
FR4584,https://planefinder.net/data/flight/FR4584,,
FR2862,https://planefinder.net/data/flight/FR2862,,
FR8542,https://planefinder.net/data/flight/FR8542,,
FR2283,https://planefinder.net/data/flight/FR2283,,
FR2672,https://planefinder.net/data/flight/FR2672,,
FR1394,https://planefinder.net/data/flight/FR1394,,
FR6342,https://planefinder.net/data/flight/FR6342,,
FR9044,https://planefinder.net/data/flight/FR9044,,
FR1134,https://planefinder.net/data/flight/FR1134,,
FR8886,https://planefinder.net/data/flight/FR8886,,
FR7952,https://planefinder.net/data/flight/FR7952,,
FR3773,https://planefinder.net/data/flight/FR3773,,
FR3746,https://planefinder.net/data/flight/FR3746,,
FR1058,https://planefinder.net/data/flight/FR1058,,
FR7157,https://planefinder.net/data/flight/FR7157,,
FR205,https://planefinder.net/data/flight/FR205,,
FR1453,https://planefinder.net/data/flight/FR1453,,
FR7010,https://planefinder.net/data/flight/FR7010,,
FR4892,https://planefinder.net/data/flight/FR4892,,
FR7070,https://planefinder.net/data/flight/FR7070,,
FR1884,https://planefinder.net/data/flight/FR1884,,
FR2095,https://planefinder.net/data/flight/FR2095,,
FR6067,https://planefinder.net/data/flight/FR6067,,
FR2018,https://planefinder.net/data/flight/FR2018,,
FR5996,https://planefinder.net/data/flight/FR5996,,
FR5485,https://planefinder.net/data/flight/FR5485,,
FR8343,https://planefinder.net/data/flight/FR8343,,
FR4585,https://planefinder.net/data/flight/FR4585,,
FR2863,https://planefinder.net/data/flight/FR2863,,
FR8543,https://planefinder.net/data/flight/FR8543,,
FR2284,https://planefinder.net/data/flight/FR2284,,
FR2673,https://planefinder.net/data/flight/FR2673,,
FR1395,https://planefinder.net/data/flight/FR1395,,
FR876,https://planefinder.net/data/flight/FR876,,
FR877,https://planefinder.net/data/flight/FR877,,
FR792,https://planefinder.net/data/flight/FR792,,
FR936,https://planefinder.net/data/flight/FR936,,
FR9142,https://planefinder.net/data/flight/FR9142,,
FR5172,https://planefinder.net/data/flight/FR5172,,
FR1886,https://planefinder.net/data/flight/FR1886,,
FR8403,https://planefinder.net/data/flight/FR8403,,
FR72,https://planefinder.net/data/flight/FR72,,
FR6543,https://planefinder.net/data/flight/FR6543,,
FR514,https://planefinder.net/data/flight/FR514,,
FR1845,https://planefinder.net/data/flight/FR1845,,
FR8402,https://planefinder.net/data/flight/FR8402,,
FR4566,https://planefinder.net/data/flight/FR4566,,
FR6316,https://planefinder.net/data/flight/FR6316,,
FR9135,https://planefinder.net/data/flight/FR9135,,
FR6532,https://planefinder.net/data/flight/FR6532,,
FR7188,https://planefinder.net/data/flight/FR7188,,
FR6031,https://planefinder.net/data/flight/FR6031,,
FR1632,https://planefinder.net/data/flight/FR1632,,
FR6266,https://planefinder.net/data/flight/FR6266,,
FR6654,https://planefinder.net/data/flight/FR6654,,
FR9056,https://planefinder.net/data/flight/FR9056,,
FR5446,https://planefinder.net/data/flight/FR5446,,
FR3021,https://planefinder.net/data/flight/FR3021,,
FR6341,https://planefinder.net/data/flight/FR6341,,
FR1135,https://planefinder.net/data/flight/FR1135,,
FR504,https://planefinder.net/data/flight/FR504,,
FR1986,https://planefinder.net/data/flight/FR1986,,
FR1958,https://planefinder.net/data/flight/FR1958,,
FR2136,https://planefinder.net/data/flight/FR2136,,
FR2336,https://planefinder.net/data/flight/FR2336,,
FR9273,https://planefinder.net/data/flight/FR9273,,
FR2860,https://planefinder.net/data/flight/FR2860,,
FR8544,https://planefinder.net/data/flight/FR8544,,
FR1874,https://planefinder.net/data/flight/FR1874,,
FR281,https://planefinder.net/data/flight/FR281,,
FR1782,https://planefinder.net/data/flight/FR1782,,
FR1516,https://planefinder.net/data/flight/FR1516,,
FR7782,https://planefinder.net/data/flight/FR7782,,
FR6772,https://planefinder.net/data/flight/FR6772,,
FR9635,https://planefinder.net/data/flight/FR9635,,
FR4383,https://planefinder.net/data/flight/FR4383,,
FR1982,https://planefinder.net/data/flight/FR1982,,
FR793,https://planefinder.net/data/flight/FR793,,
FR937,https://planefinder.net/data/flight/FR937,,
FR9143,https://planefinder.net/data/flight/FR9143,,
FR5173,https://planefinder.net/data/flight/FR5173,,
FR1887,https://planefinder.net/data/flight/FR1887,,
FR8404,https://planefinder.net/data/flight/FR8404,,
FR73,https://planefinder.net/data/flight/FR73,,
FR6544,https://planefinder.net/data/flight/FR6544,,
FR515,https://planefinder.net/data/flight/FR515,,
FR1844,https://planefinder.net/data/flight/FR1844,,
FR8401,https://planefinder.net/data/flight/FR8401,,
FR4567,https://planefinder.net/data/flight/FR4567,,
FR6315,https://planefinder.net/data/flight/FR6315,,
FR9134,https://planefinder.net/data/flight/FR9134,,
FR6531,https://planefinder.net/data/flight/FR6531,,
FR7189,https://planefinder.net/data/flight/FR7189,,
FR6032,https://planefinder.net/data/flight/FR6032,,
FR1633,https://planefinder.net/data/flight/FR1633,,
FR6267,https://planefinder.net/data/flight/FR6267,,
FR6655,https://planefinder.net/data/flight/FR6655,,
FR9057,https://planefinder.net/data/flight/FR9057,,
FR5447,https://planefinder.net/data/flight/FR5447,,
FR3022,https://planefinder.net/data/flight/FR3022,,
FR6342,https://planefinder.net/data/flight/FR6342,,
FR1134,https://planefinder.net/data/flight/FR1134,,
FR505,https://planefinder.net/data/flight/FR505,,
FR1987,https://planefinder.net/data/flight/FR1987,,
FR1959,https://planefinder.net/data/flight/FR1959,,
FR2137,https://planefinder.net/data/flight/FR2137,,
FR2337,https://planefinder.net/data/flight/FR2337,,
FR9274,https://planefinder.net/data/flight/FR9274,,
FR2861,https://planefinder.net/data/flight/FR2861,,
FR8545,https://planefinder.net/data/flight/FR8545,,
FR1875,https://planefinder.net/data/flight/FR1875,,
FR282,https://planefinder.net/data/flight/FR282,,
FR1783,https://planefinder.net/data/flight/FR1783,,
FR1515,https://planefinder.net/data/flight/FR1515,,
FR7783,https://planefinder.net/data/flight/FR7783,,
FR6773,https://planefinder.net/data/flight/FR6773,,
FR9636,https://planefinder.net/data/flight/FR9636,,
FR4382,https://planefinder.net/data/flight/FR4382,,
FR1983,https://planefinder.net/data/flight/FR1983,,
FR6341,https://planefinder.net/data/flight/FR6341,,
FR9045,https://planefinder.net/data/flight/FR9045,,
FR4545,https://planefinder.net/data/flight/FR4545,,
FR5292,https://planefinder.net/data/flight/FR5292,,
FR4111,https://planefinder.net/data/flight/FR4111,,
FR5505,https://planefinder.net/data/flight/FR5505,,
FR8795,https://planefinder.net/data/flight/FR8795,,
FR201,https://planefinder.net/data/flight/FR201,,
FR6105,https://planefinder.net/data/flight/FR6105,,
FR4526,https://planefinder.net/data/flight/FR4526,,
FR7156,https://planefinder.net/data/flight/FR7156,,
FR552,https://planefinder.net/data/flight/FR552,,
FR6395,https://planefinder.net/data/flight/FR6395,,
FR3104,https://planefinder.net/data/flight/FR3104,,
FR7000,https://planefinder.net/data/flight/FR7000,,
FR9795,https://planefinder.net/data/flight/FR9795,,
FR7075,https://planefinder.net/data/flight/FR7075,,
FR1885,https://planefinder.net/data/flight/FR1885,,
FR2096,https://planefinder.net/data/flight/FR2096,,
FR5993,https://planefinder.net/data/flight/FR5993,,
FR7474,https://planefinder.net/data/flight/FR7474,,
FR4703,https://planefinder.net/data/flight/FR4703,,
FR2672,https://planefinder.net/data/flight/FR2672,,
FR9967,https://planefinder.net/data/flight/FR9967,,
FR281,https://planefinder.net/data/flight/FR281,,
FR2134,https://planefinder.net/data/flight/FR2134,,
FR6342,https://planefinder.net/data/flight/FR6342,,
FR9044,https://planefinder.net/data/flight/FR9044,,
FR4546,https://planefinder.net/data/flight/FR4546,,
FR5293,https://planefinder.net/data/flight/FR5293,,
FR4112,https://planefinder.net/data/flight/FR4112,,
FR5506,https://planefinder.net/data/flight/FR5506,,
FR8796,https://planefinder.net/data/flight/FR8796,,
FR200,https://planefinder.net/data/flight/FR200,,
FR6106,https://planefinder.net/data/flight/FR6106,,
FR4527,https://planefinder.net/data/flight/FR4527,,
FR7157,https://planefinder.net/data/flight/FR7157,,
FR553,https://planefinder.net/data/flight/FR553,,
FR6394,https://planefinder.net/data/flight/FR6394,,
FR3105,https://planefinder.net/data/flight/FR3105,,
FR7010,https://planefinder.net/data/flight/FR7010,,
FR9796,https://planefinder.net/data/flight/FR9796,,
FR7076,https://planefinder.net/data/flight/FR7076,,
FR1884,https://planefinder.net/data/flight/FR1884,,
FR2095,https://planefinder.net/data/flight/FR2095,,
FR5994,https://planefinder.net/data/flight/FR5994,,
FR7475,https://planefinder.net/data/flight/FR7475,,
FR4702,https://planefinder.net/data/flight/FR4702,,
FR2673,https://planefinder.net/data/flight/FR2673,,
FR9968,https://planefinder.net/data/flight/FR9968,,
FR282,https://planefinder.net/data/flight/FR282,,
FR2135,https://planefinder.net/data/flight/FR2135,,
FR6341,https://planefinder.net/data/flight/FR6341,,
FR9045,https://planefinder.net/data/flight/FR9045,,
FR4545,https://planefinder.net/data/flight/FR4545,,
FR8495,https://planefinder.net/data/flight/FR8495,,
FR5392,https://planefinder.net/data/flight/FR5392,,
FR4113,https://planefinder.net/data/flight/FR4113,,
FR4197,https://planefinder.net/data/flight/FR4197,,
FR4522,https://planefinder.net/data/flight/FR4522,,
FR1055,https://planefinder.net/data/flight/FR1055,,
FR3239,https://planefinder.net/data/flight/FR3239,,
FR201,https://planefinder.net/data/flight/FR201,,
FR672,https://planefinder.net/data/flight/FR672,,
FR26,https://planefinder.net/data/flight/FR26,,
FR9428,https://planefinder.net/data/flight/FR9428,,
FR7000,https://planefinder.net/data/flight/FR7000,,
FR4891,https://planefinder.net/data/flight/FR4891,,
FR7060,https://planefinder.net/data/flight/FR7060,,
FR1885,https://planefinder.net/data/flight/FR1885,,
FR2096,https://planefinder.net/data/flight/FR2096,,
FR5993,https://planefinder.net/data/flight/FR5993,,
FR8344,https://planefinder.net/data/flight/FR8344,,
FR8542,https://planefinder.net/data/flight/FR8542,,
FR2498,https://planefinder.net/data/flight/FR2498,,
FR2283,https://planefinder.net/data/flight/FR2283,,
FR2672,https://planefinder.net/data/flight/FR2672,,
FR6342,https://planefinder.net/data/flight/FR6342,,
FR9044,https://planefinder.net/data/flight/FR9044,,
FR4546,https://planefinder.net/data/flight/FR4546,,
FR8496,https://planefinder.net/data/flight/FR8496,,
FR5393,https://planefinder.net/data/flight/FR5393,,
FR4114,https://planefinder.net/data/flight/FR4114,,
FR4198,https://planefinder.net/data/flight/FR4198,,
FR4523,https://planefinder.net/data/flight/FR4523,,
FR1056,https://planefinder.net/data/flight/FR1056,,
FR3238,https://planefinder.net/data/flight/FR3238,,
FR200,https://planefinder.net/data/flight/FR200,,
FR673,https://planefinder.net/data/flight/FR673,,
FR29,https://planefinder.net/data/flight/FR29,,
FR9429,https://planefinder.net/data/flight/FR9429,,
FR7010,https://planefinder.net/data/flight/FR7010,,
FR4892,https://planefinder.net/data/flight/FR4892,,
FR7070,https://planefinder.net/data/flight/FR7070,,
FR1884,https://planefinder.net/data/flight/FR1884,,
FR2095,https://planefinder.net/data/flight/FR2095,,
FR5994,https://planefinder.net/data/flight/FR5994,,
FR8343,https://planefinder.net/data/flight/FR8343,,
FR8543,https://planefinder.net/data/flight/FR8543,,
FR2499,https://planefinder.net/data/flight/FR2499,,
FR2284,https://planefinder.net/data/flight/FR2284,,
FR2673,https://planefinder.net/data/flight/FR2673,,
FR6341,https://planefinder.net/data/flight/FR6341,,
FR9045,https://planefinder.net/data/flight/FR9045,,
FR3976,https://planefinder.net/data/flight/FR3976,,
FR8495,https://planefinder.net/data/flight/FR8495,,
FR4197,https://planefinder.net/data/flight/FR4197,,
FR5551,https://planefinder.net/data/flight/FR5551,,
FR1055,https://planefinder.net/data/flight/FR1055,,
FR3239,https://planefinder.net/data/flight/FR3239,,
FR201,https://planefinder.net/data/flight/FR201,,
FR22,https://planefinder.net/data/flight/FR22,,
FR664,https://planefinder.net/data/flight/FR664,,
FR7156,https://planefinder.net/data/flight/FR7156,,
FR4891,https://planefinder.net/data/flight/FR4891,,
FR7060,https://planefinder.net/data/flight/FR7060,,
FR7000,https://planefinder.net/data/flight/FR7000,,
FR1885,https://planefinder.net/data/flight/FR1885,,
FR2932,https://planefinder.net/data/flight/FR2932,,
FR1671,https://planefinder.net/data/flight/FR1671,,
FR5993,https://planefinder.net/data/flight/FR5993,,
FR5983,https://planefinder.net/data/flight/FR5983,,
FR4584,https://planefinder.net/data/flight/FR4584,,
FR7478,https://planefinder.net/data/flight/FR7478,,
FR8348,https://planefinder.net/data/flight/FR8348,,
FR8542,https://planefinder.net/data/flight/FR8542,,
FR2283,https://planefinder.net/data/flight/FR2283,,
FR2672,https://planefinder.net/data/flight/FR2672,,
FR1396,https://planefinder.net/data/flight/FR1396,,
FR2352,https://planefinder.net/data/flight/FR2352,,
FR6342,https://planefinder.net/data/flight/FR6342,,
FR9044,https://planefinder.net/data/flight/FR9044,,
FR3977,https://planefinder.net/data/flight/FR3977,,
FR8496,https://planefinder.net/data/flight/FR8496,,
FR4198,https://planefinder.net/data/flight/FR4198,,
FR5550,https://planefinder.net/data/flight/FR5550,,
FR1056,https://planefinder.net/data/flight/FR1056,,
FR3238,https://planefinder.net/data/flight/FR3238,,
FR200,https://planefinder.net/data/flight/FR200,,
FR23,https://planefinder.net/data/flight/FR23,,
FR665,https://planefinder.net/data/flight/FR665,,
FR7157,https://planefinder.net/data/flight/FR7157,,
FR4892,https://planefinder.net/data/flight/FR4892,,
FR7070,https://planefinder.net/data/flight/FR7070,,
FR7010,https://planefinder.net/data/flight/FR7010,,
FR1884,https://planefinder.net/data/flight/FR1884,,
FR2931,https://planefinder.net/data/flight/FR2931,,
FR1672,https://planefinder.net/data/flight/FR1672,,
FR5994,https://planefinder.net/data/flight/FR5994,,
FR5984,https://planefinder.net/data/flight/FR5984,,
FR4585,https://planefinder.net/data/flight/FR4585,,
FR7479,https://planefinder.net/data/flight/FR7479,,
FR8347,https://planefinder.net/data/flight/FR8347,,
FR8543,https://planefinder.net/data/flight/FR8543,,
FR2284,https://planefinder.net/data/flight/FR2284,,
FR2673,https://planefinder.net/data/flight/FR2673,,
FR1397,https://planefinder.net/data/flight/FR1397,,
FR2353,https://planefinder.net/data/flight/FR2353,,